{
  "episode_rewards": [
    38.384952,
    29.829329,
    30.312442,
    30.104842
  ],
  "episode_lengths": [
    60,
    60,
    60,
    60
  ],
  "timesteps": [
    60,
    120,
    180,
    240
  ]
}