{
  "episode_rewards": [
    40.404711,
    44.10657,
    43.932934,
    51.113473,
    49.081907,
    48.742347,
    47.428757,
    44.662711,
    48.107696,
    47.358414,
    48.767716,
    46.693168,
    40.719462,
    48.084683,
    48.366706,
    67.219712,
    34.804477,
    46.191954,
    39.257238,
    46.883874,
    31.714402,
    48.960576,
    47.113228,
    39.10558,
    51.90394,
    44.548524,
    42.41866,
    42.692741,
    41.598406,
    36.144015,
    48.562625,
    38.129047,
    40.085515,
    38.202943,
    40.46532,
    51.459664,
    44.458891,
    45.092929,
    34.609592,
    47.377787,
    49.328764,
    35.814434
  ],
  "episode_lengths": [
    40,
    45,
    60,
    59,
    51,
    60,
    55,
    47,
    51,
    51,
    50,
    47,
    42,
    56,
    59,
    60,
    28,
    47,
    36,
    60,
    21,
    54,
    60,
    38,
    56,
    43,
    60,
    41,
    41,
    60,
    60,
    60,
    38,
    32,
    39,
    56,
    44,
    47,
    24,
    60,
    60,
    30
  ],
  "timesteps": [
    40,
    85,
    145,
    204,
    255,
    315,
    370,
    417,
    468,
    519,
    569,
    616,
    658,
    714,
    773,
    833,
    861,
    908,
    944,
    1004,
    1025,
    1079,
    1139,
    1177,
    1233,
    1276,
    1336,
    1377,
    1418,
    1478,
    1538,
    1598,
    1636,
    1668,
    1707,
    1763,
    1807,
    1854,
    1878,
    1938,
    1998,
    2028
  ]
}