{
  "episode_rewards": [
    44.893611,
    36.901202,
    35.975085
  ],
  "episode_lengths": [
    43,
    31,
    29
  ],
  "timesteps": [
    43,
    74,
    103
  ]
}