{
  "episode_rewards": [
    42.316375,
    35.959556,
    37.910249,
    26.184694,
    26.837535
  ],
  "episode_lengths": [
    45,
    27,
    32,
    9,
    10
  ],
  "timesteps": [
    45,
    72,
    104,
    113,
    123
  ]
}