{
  "episode_rewards": [
    46.987614,
    36.142835,
    53.033675,
    50.855943,
    50.644756,
    41.593298,
    37.535965,
    47.047423,
    44.22134,
    36.403738,
    48.963239,
    43.694225,
    43.625184,
    45.874709,
    45.878526,
    45.328282,
    40.96092,
    39.911688,
    44.646808,
    44.820913,
    67.231778,
    51.335067,
    39.563384,
    45.619338,
    46.388718,
    41.812827,
    46.59802,
    51.231505,
    44.629685,
    51.486081,
    43.541787,
    44.770033,
    48.105992,
    37.715818,
    47.542551,
    51.586197,
    46.580408,
    44.308499,
    36.691367,
    37.76264,
    37.504464,
    38.401623
  ],
  "episode_lengths": [
    52,
    30,
    58,
    57,
    60,
    42,
    34,
    60,
    60,
    30,
    53,
    42,
    44,
    60,
    45,
    45,
    46,
    37,
    60,
    45,
    60,
    58,
    37,
    60,
    52,
    42,
    60,
    60,
    46,
    59,
    60,
    47,
    51,
    32,
    53,
    56,
    52,
    60,
    33,
    33,
    33,
    33
  ],
  "timesteps": [
    52,
    82,
    140,
    197,
    257,
    299,
    333,
    393,
    453,
    483,
    536,
    578,
    622,
    682,
    727,
    772,
    818,
    855,
    915,
    960,
    1020,
    1078,
    1115,
    1175,
    1227,
    1269,
    1329,
    1389,
    1435,
    1494,
    1554,
    1601,
    1652,
    1684,
    1737,
    1793,
    1845,
    1905,
    1938,
    1971,
    2004,
    2037
  ]
}