{
  "episode_rewards": [
    48.650685,
    45.152228,
    50.459539,
    37.018806,
    46.909428
  ],
  "episode_lengths": [
    50,
    48,
    60,
    32,
    60
  ],
  "timesteps": [
    50,
    98,
    158,
    190,
    250
  ]
}