{"episode_rewards": [49.952291, 44.98396, 41.977042, 49.759173, 49.694686, 43.545299, 44.198709, 41.088885, 45.472067, 41.287161, 42.074292, 42.571623, 36.393759, 48.427204, 42.754803, 50.464384, 50.301305, 40.532808, 46.032024, 40.373834, 45.667899, 39.704175, 50.665035, 45.033268, 50.379387, 46.638397, 38.46574, 38.790808, 39.332016, 46.211023, 47.883667, 38.008623, 67.352631, 46.021358, 41.30633, 41.836511, 45.5994, 64.274175, 45.243783, 39.614813, 67.164854, 43.232644, 50.134409, 42.431142, 38.933545, 46.218661, 49.896268, 40.585293, 47.555715, 45.68604, 50.12831, 49.556545, 36.662359, 47.415583, 47.765344, 36.27285, 51.663656, 45.091359, 49.59813, 40.016498, 44.499776, 51.250047, 42.515536, 47.92264, 39.721935, 50.124085, 41.425381, 44.578417, 40.946181, 48.901766, 45.228741, 45.769562, 49.965219, 45.19966, 38.298344, 44.4044, 44.828455, 52.874705, 43.872977, 42.833991, 37.624775, 37.088067, 47.816802, 38.607958, 46.242666, 45.964289, 41.261906, 49.207523, 38.23539, 47.01106, 44.656678, 37.206423, 46.692883, 48.339996, 51.500617, 45.104165, 40.390842, 36.110353, 48.393315, 46.284809, 47.583691, 46.655327, 46.658782, 40.668973, 47.578399, 52.242681, 36.343782, 48.968744, 43.304612, 50.886037, 44.303045, 40.391966, 45.925088, 37.07909, 40.068893, 35.31649, 38.54225, 42.551375, 43.411043, 49.21106, 46.63294, 34.321447, 48.468605, 44.555816, 42.938482, 37.675983, 47.510071, 46.507335, 41.678103, 34.894863, 39.617292, 41.275125, 35.855079, 51.769438, 44.757934, 48.495556, 53.185121, 49.91825, 36.305516, 47.783597, 36.819226, 52.711498, 41.635821, 51.858937, 33.504778, 44.337308, 37.639342, 46.735615, 45.541497, 50.369314, 42.660734, 36.049658, 41.474348, 40.77193, 43.677198, 36.923018, 47.852792, 31.428414, 40.217388, 50.677516, 46.528874, 37.234407, 48.720863, 39.868236, 41.563605, 41.287407, 43.613348, 46.205088, 48.566548, 51.321747, 41.449093, 46.966275, 50.487973, 50.149517, 51.834006, 37.767194, 49.708479, 39.456886, 50.376424, 39.941354, 40.393802, 43.069906, 46.423572, 44.236755, 51.434636, 49.06486, 36.949111, 45.293459, 43.272383, 43.146979, 41.837055, 51.307297, 40.026753, 49.810758, 45.213229, 45.921473, 36.17268, 37.850906, 40.942952, 40.431117, 46.619984, 36.269762, 48.91888, 33.962094, 46.505675, 43.732382, 43.338533], "episode_lengths": [55, 48, 43, 60, 60, 46, 47, 41, 48, 39, 41, 60, 60, 53, 60, 57, 56, 60, 51, 44, 54, 60, 59, 60, 60, 53, 31, 60, 41, 51, 53, 60, 60, 60, 42, 40, 60, 60, 49, 60, 60, 60, 57, 60, 35, 53, 56, 44, 60, 48, 58, 60, 32, 60, 60, 33, 60, 60, 53, 38, 44, 57, 60, 50, 37, 56, 60, 60, 39, 60, 60, 60, 60, 60, 35, 60, 48, 59, 44, 60, 60, 60, 50, 60, 45, 49, 38, 60, 33, 48, 60, 30, 52, 52, 59, 60, 38, 28, 53, 53, 52, 52, 60, 40, 50, 57, 29, 60, 41, 60, 46, 37, 60, 60, 36, 27, 60, 41, 41, 60, 50, 29, 60, 42, 43, 30, 47, 47, 38, 24, 37, 35, 26, 60, 46, 50, 58, 54, 28, 60, 30, 56, 38, 55, 23, 43, 33, 60, 49, 56, 40, 27, 41, 37, 43, 30, 51, 21, 35, 60, 53, 31, 60, 39, 41, 38, 44, 47, 53, 60, 39, 52, 60, 57, 60, 33, 60, 31, 51, 40, 33, 44, 48, 43, 57, 58, 31, 44, 45, 44, 38, 58, 37, 60, 43, 46, 30, 34, 36, 36, 45, 26, 55, 23, 49, 42, 38], "training_loss": [], "timesteps": [55, 103, 146, 206, 266, 312, 359, 400, 448, 487, 528, 588, 648, 701, 761, 818, 874, 934, 985, 1029, 1083, 1143, 1202, 1262, 1322, 1375, 1406, 1466, 1507, 1558, 1611, 1671, 1731, 1791, 1833, 1873, 1933, 1993, 2042, 2102, 2162, 2222, 2279, 2339, 2374, 2427, 2483, 2527, 2587, 2635, 2693, 2753, 2785, 2845, 2905, 2938, 2998, 3058, 3111, 3149, 3193, 3250, 3310, 3360, 3397, 3453, 3513, 3573, 3612, 3672, 3732, 3792, 3852, 3912, 3947, 4007, 4055, 4114, 4158, 4218, 4278, 4338, 4388, 4448, 4493, 4542, 4580, 4640, 4673, 4721, 4781, 4811, 4863, 4915, 4974, 5034, 5072, 5100, 5153, 5206, 5258, 5310, 5370, 5410, 5460, 5517, 5546, 5606, 5647, 5707, 5753, 5790, 5850, 5910, 5946, 5973, 6033, 6074, 6115, 6175, 6225, 6254, 6314, 6356, 6399, 6429, 6476, 6523, 6561, 6585, 6622, 6657, 6683, 6743, 6789, 6839, 6897, 6951, 6979, 7039, 7069, 7125, 7163, 7218, 7241, 7284, 7317, 7377, 7426, 7482, 7522, 7549, 7590, 7627, 7670, 7700, 7751, 7772, 7807, 7867, 7920, 7951, 8011, 8050, 8091, 8129, 8173, 8220, 8273, 8333, 8372, 8424, 8484, 8541, 8601, 8634, 8694, 8725, 8776, 8816, 8849, 8893, 8941, 8984, 9041, 9099, 9130, 9174, 9219, 9263, 9301, 9359, 9396, 9456, 9499, 9545, 9575, 9609, 9645, 9681, 9726, 9752, 9807, 9830, 9879, 9921, 9959]}