{"episode_rewards": [46.892948, 38.394899, 43.819701, 39.30633, 49.05605, 36.666768, 51.031014, 44.540429, 49.115653, 40.472593, 43.633122, 39.200614, 41.152727, 47.107786, 42.914236, 47.097103, 47.1276, 38.107444, 43.118527, 50.173905, 40.484586, 44.262324, 48.909058, 44.855879, 46.403705, 47.357414, 67.496588, 44.651416, 44.116349, 52.136464, 49.6535, 54.38866, 42.421337, 45.446593, 43.926993, 45.393421, 49.91571, 51.767014, 49.059628, 47.438365, 43.283844, 42.159127, 44.410715, 43.843775, 48.61135, 48.721455, 49.106141, 36.733824, 46.96325, 48.755977, 34.688293, 49.464261, 50.145327, 39.898175, 50.161983, 46.215772, 43.846888, 45.947038, 48.922355, 40.443974, 46.079887, 47.74332, 39.614471, 40.431129, 48.74847, 45.979917, 42.35426, 45.834165, 40.137431, 38.323436, 50.191692, 41.089228, 48.939642, 48.852591, 46.605588, 42.136881, 45.479122, 45.919335, 47.795114, 47.726948, 47.674567, 45.898042, 43.782204, 39.547599, 48.441497, 47.614708, 45.115992, 49.478153, 41.085946, 47.16417, 43.176376, 42.093275, 39.864855, 41.189751, 51.728947, 52.499542, 48.990805, 47.676931, 46.145657, 40.448378, 42.245141, 42.867611, 50.566196, 34.674463, 45.527092, 49.575819, 38.914596, 41.008203, 43.025142, 47.795515, 44.209283, 45.17554, 50.864824, 43.445154, 49.413298, 41.848875, 41.619445, 47.241647, 49.429389, 51.521774, 41.634757, 39.940664, 51.335025, 46.639876, 41.222489, 45.160878, 40.270302, 32.409553, 47.580258, 48.569446, 40.683658, 46.552464, 47.579496, 41.84695, 47.231101, 48.680454, 38.711724, 45.072251, 67.69945, 39.355901, 41.688391, 35.368043, 40.679472, 43.971962, 49.813217, 39.023187, 49.619784, 50.961117, 46.331546, 35.148346, 49.869484, 41.682041, 47.508083, 45.3781, 41.27262, 48.066242, 51.464426, 48.278081, 43.938942, 43.377593, 50.725016, 48.51556, 36.387591, 48.32531, 49.770146, 48.916253, 48.149235, 46.412438, 36.058597, 51.101022, 49.161102, 49.495484, 48.274497, 52.496499, 47.199611, 41.526587, 52.245114, 42.870855, 50.473189, 47.779541, 48.018038, 49.413909, 45.3285, 45.089946, 48.353991, 47.008028, 51.531538, 38.018063, 47.590023, 50.520288, 50.546332, 38.944219, 45.520719, 45.576011, 43.551279, 42.783806], "episode_lengths": [60, 60, 46, 34, 54, 32, 56, 44, 60, 60, 41, 33, 39, 60, 60, 52, 49, 32, 60, 57, 35, 41, 56, 48, 60, 60, 60, 60, 60, 59, 60, 59, 41, 46, 46, 47, 60, 59, 60, 60, 60, 44, 47, 47, 60, 60, 60, 33, 52, 57, 30, 60, 60, 37, 59, 47, 60, 60, 51, 39, 60, 47, 35, 42, 60, 52, 41, 48, 35, 31, 58, 41, 60, 55, 60, 40, 60, 60, 60, 51, 60, 44, 45, 33, 60, 53, 60, 60, 39, 48, 42, 40, 37, 38, 57, 59, 53, 60, 45, 60, 60, 60, 56, 27, 60, 60, 35, 60, 39, 60, 44, 60, 59, 60, 51, 39, 38, 60, 60, 59, 39, 39, 59, 60, 39, 48, 37, 25, 60, 60, 40, 60, 60, 39, 48, 56, 37, 60, 60, 38, 60, 27, 38, 60, 58, 35, 60, 60, 60, 26, 60, 40, 55, 50, 41, 50, 59, 53, 42, 45, 60, 60, 31, 56, 60, 60, 60, 60, 31, 57, 54, 60, 54, 54, 48, 36, 57, 44, 60, 55, 60, 60, 50, 60, 60, 52, 58, 34, 53, 55, 57, 60, 45, 49, 44, 42], "training_loss": [], "timesteps": [60, 120, 166, 200, 254, 286, 342, 386, 446, 506, 547, 580, 619, 679, 739, 791, 840, 872, 932, 989, 1024, 1065, 1121, 1169, 1229, 1289, 1349, 1409, 1469, 1528, 1588, 1647, 1688, 1734, 1780, 1827, 1887, 1946, 2006, 2066, 2126, 2170, 2217, 2264, 2324, 2384, 2444, 2477, 2529, 2586, 2616, 2676, 2736, 2773, 2832, 2879, 2939, 2999, 3050, 3089, 3149, 3196, 3231, 3273, 3333, 3385, 3426, 3474, 3509, 3540, 3598, 3639, 3699, 3754, 3814, 3854, 3914, 3974, 4034, 4085, 4145, 4189, 4234, 4267, 4327, 4380, 4440, 4500, 4539, 4587, 4629, 4669, 4706, 4744, 4801, 4860, 4913, 4973, 5018, 5078, 5138, 5198, 5254, 5281, 5341, 5401, 5436, 5496, 5535, 5595, 5639, 5699, 5758, 5818, 5869, 5908, 5946, 6006, 6066, 6125, 6164, 6203, 6262, 6322, 6361, 6409, 6446, 6471, 6531, 6591, 6631, 6691, 6751, 6790, 6838, 6894, 6931, 6991, 7051, 7089, 7149, 7176, 7214, 7274, 7332, 7367, 7427, 7487, 7547, 7573, 7633, 7673, 7728, 7778, 7819, 7869, 7928, 7981, 8023, 8068, 8128, 8188, 8219, 8275, 8335, 8395, 8455, 8515, 8546, 8603, 8657, 8717, 8771, 8825, 8873, 8909, 8966, 9010, 9070, 9125, 9185, 9245, 9295, 9355, 9415, 9467, 9525, 9559, 9612, 9667, 9724, 9784, 9829, 9878, 9922, 9964]}