Run_ID,Final_Reward,Learning_Rate,Gamma,N_Steps,Entropy_Coef
run_3,61.436635,0.0007,0.98,200,0.055
run_2,61.436635,0.0031,0.99,50,0.011
run_9,61.436635,0.0007,0.99,20,0.0
run_5,61.436635,0.5,0.98,150,0.0
run_4,61.436635,0.1,0.5,20,0.001
run_8,61.436635,0.0001,0.88,15,0.0
run_10,61.436635,0.0008,0.99,5,0.001
run_7,61.436635,0.0005,1.0,100,0.001
run_6,61.436635,0.0045,0.25,50,0.002
run_1,61.436635,0.0027,0.7,200,0.1
