Run_ID,Final_Reward,Learning_Rate,Gamma,N_Steps,Entropy_Coef,Batch_Size
run_3,77.578576,0.0003,0.98,N/A,N/A,10
run_2,77.578576,0.0001,0.99,N/A,N/A,5
run_9,77.578576,0.0003,0.99,N/A,N/A,20
run_5,77.578576,0.0001,0.9967,N/A,N/A,20
run_4,77.578576,0.0045,0.99,N/A,N/A,32
run_8,77.578576,0.0001,0.98,N/A,N/A,16
run_10,77.578576,0.0005,0.99,N/A,N/A,64
run_7,77.578576,0.0005,0.99,N/A,N/A,10
run_6,77.578576,0.0001,0.98,N/A,N/A,5
run_1,77.578576,0.0003,0.99,N/A,N/A,10
