{
  "episode_rewards": [
    49.697846,
    42.942393,
    68.106894,
    49.63257,
    42.64943,
    38.910765,
    43.112596,
    44.905909,
    50.736703,
    47.735625,
    46.744687,
    46.683261,
    48.347425,
    42.713469,
    44.927557,
    42.85892,
    47.106203,
    44.925651,
    51.679601,
    49.385582,
    43.308623,
    37.344918,
    39.696917,
    42.00012,
    46.83505,
    43.545363,
    43.607051,
    44.575756,
    47.081924,
    47.383064,
    40.535679,
    41.784999,
    48.369297,
    47.04608,
    49.330138,
    46.964069,
    48.340364,
    36.516036,
    43.172373
  ],
  "episode_lengths": [
    60,
    45,
    60,
    60,
    42,
    33,
    41,
    60,
    60,
    60,
    49,
    60,
    53,
    60,
    46,
    60,
    60,
    47,
    60,
    60,
    45,
    32,
    35,
    40,
    60,
    60,
    60,
    44,
    60,
    60,
    36,
    39,
    51,
    60,
    60,
    60,
    52,
    31,
    46
  ],
  "timesteps": [
    60,
    105,
    165,
    225,
    267,
    300,
    341,
    401,
    461,
    521,
    570,
    630,
    683,
    743,
    789,
    849,
    909,
    956,
    1016,
    1076,
    1121,
    1153,
    1188,
    1228,
    1288,
    1348,
    1408,
    1452,
    1512,
    1572,
    1608,
    1647,
    1698,
    1758,
    1818,
    1878,
    1930,
    1961,
    2007
  ]
}