{
  "episode_rewards": [
    41.03037,
    41.905466,
    48.349963,
    48.527748,
    41.540221,
    36.919282,
    41.636702,
    48.135983,
    35.398807,
    37.041932,
    40.331108,
    35.655356,
    49.376259,
    46.622405,
    37.940765,
    40.776848,
    42.418304,
    48.347357,
    37.985943,
    45.487919,
    47.597568,
    44.960597,
    44.118812,
    50.788933,
    41.99552,
    43.163053,
    40.549834,
    45.593063,
    42.301723,
    40.060327,
    42.456832,
    45.570325,
    37.113025,
    51.751605,
    46.417599,
    46.801423,
    48.713194,
    44.014093,
    42.623221,
    43.426445,
    48.852589,
    47.971891
  ],
  "episode_lengths": [
    36,
    42,
    60,
    60,
    60,
    29,
    41,
    60,
    29,
    30,
    39,
    60,
    60,
    60,
    31,
    40,
    44,
    57,
    36,
    60,
    56,
    51,
    43,
    56,
    45,
    44,
    38,
    51,
    43,
    60,
    44,
    60,
    30,
    60,
    50,
    60,
    56,
    46,
    60,
    43,
    60,
    56
  ],
  "timesteps": [
    36,
    78,
    138,
    198,
    258,
    287,
    328,
    388,
    417,
    447,
    486,
    546,
    606,
    666,
    697,
    737,
    781,
    838,
    874,
    934,
    990,
    1041,
    1084,
    1140,
    1185,
    1229,
    1267,
    1318,
    1361,
    1421,
    1465,
    1525,
    1555,
    1615,
    1665,
    1725,
    1781,
    1827,
    1887,
    1930,
    1990,
    2046
  ]
}