{
  "episode_rewards": [
    48.499199,
    51.39587,
    47.943438,
    41.798684
  ],
  "episode_lengths": [
    55,
    60,
    60,
    60
  ],
  "timesteps": [
    55,
    115,
    175,
    235
  ]
}